-- MySQL dump 10.13  Distrib 5.7.16, for osx10.11 (x86_64)
--
-- Host: localhost    Database: freeunder
-- ------------------------------------------------------
-- Server version	5.7.16

/*!40101 SET @OLD_CHARACTER_SET_CLIENT=@@CHARACTER_SET_CLIENT */;
/*!40101 SET @OLD_CHARACTER_SET_RESULTS=@@CHARACTER_SET_RESULTS */;
/*!40101 SET @OLD_COLLATION_CONNECTION=@@COLLATION_CONNECTION */;
/*!40101 SET NAMES utf8 */;
/*!40103 SET @OLD_TIME_ZONE=@@TIME_ZONE */;
/*!40103 SET TIME_ZONE='+00:00' */;
/*!40014 SET @OLD_UNIQUE_CHECKS=@@UNIQUE_CHECKS, UNIQUE_CHECKS=0 */;
/*!40014 SET @OLD_FOREIGN_KEY_CHECKS=@@FOREIGN_KEY_CHECKS, FOREIGN_KEY_CHECKS=0 */;
/*!40101 SET @OLD_SQL_MODE=@@SQL_MODE, SQL_MODE='NO_AUTO_VALUE_ON_ZERO' */;
/*!40111 SET @OLD_SQL_NOTES=@@SQL_NOTES, SQL_NOTES=0 */;

--
-- Table structure for table `links`
--

DROP TABLE IF EXISTS `links`;
/*!40101 SET @saved_cs_client     = @@character_set_client */;
/*!40101 SET character_set_client = utf8 */;
CREATE TABLE `links` (
  `station1` smallint(6) NOT NULL DEFAULT '0',
  `station2` smallint(6) NOT NULL DEFAULT '0',
  `line` smallint(6) NOT NULL DEFAULT '0',
  UNIQUE KEY `line` (`line`,`station1`,`station2`),
  KEY `station1` (`station1`),
  KEY `station2` (`station2`),
  CONSTRAINT `links_ibfk_1` FOREIGN KEY (`station1`) REFERENCES `stations` (`id`),
  CONSTRAINT `links_ibfk_2` FOREIGN KEY (`station2`) REFERENCES `stations` (`id`),
  CONSTRAINT `links_ibfk_3` FOREIGN KEY (`line`) REFERENCES `routes` (`line`)
) ENGINE=InnoDB DEFAULT CHARSET=utf8;
/*!40101 SET character_set_client = @saved_cs_client */;

--
-- Dumping data for table `links`
--

LOCK TABLES `links` WRITE;
/*!40000 ALTER TABLE `links` DISABLE KEYS */;
INSERT INTO `links` VALUES (1,73,10),(1,234,10),(1,265,10),(2,156,3),(2,263,3),(2,156,8),(2,156,24),(2,156,25),(2,156,26),(2,156,27),(3,263,4),(3,295,4),(3,156,6),(3,295,6),(3,263,28),(3,295,28),(3,263,30),(3,295,30),(3,263,31),(3,295,31),(4,70,13),(4,201,13),(4,70,33),(4,201,33),(4,70,34),(4,201,34),(4,70,35),(4,201,35),(5,194,10),(5,252,10),(6,46,8),(6,46,24),(7,145,9),(7,188,9),(7,145,15),(7,188,15),(7,145,17),(7,188,17),(8,124,9),(8,264,9),(8,124,14),(8,264,14),(8,124,15),(8,264,15),(9,31,10),(9,232,10),(10,95,10),(10,128,10),(11,163,1),(11,212,1),(11,83,3),(11,104,3),(11,83,6),(11,104,6),(11,28,7),(11,249,7),(11,94,8),(11,104,8),(11,94,24),(11,104,24),(11,94,25),(11,104,25),(11,94,26),(11,104,26),(11,94,27),(11,104,27),(12,56,9),(12,257,9),(12,56,14),(12,257,14),(12,56,15),(12,257,15),(12,56,16),(12,257,16),(12,56,17),(12,257,17),(13,156,2),(13,250,2),(13,157,9),(13,167,9),(13,279,12),(13,225,13),(13,157,15),(13,167,15),(13,157,17),(13,167,17),(13,156,18),(13,250,18),(13,156,19),(13,250,19),(13,156,20),(13,250,20),(13,156,21),(13,250,21),(13,156,22),(13,250,22),(13,156,23),(13,250,23),(13,225,36),(13,225,37),(14,92,3),(14,167,3),(14,92,6),(14,167,6),(14,92,8),(14,167,8),(14,92,24),(14,167,24),(14,92,25),(14,167,25),(14,92,26),(14,167,26),(14,92,27),(14,167,27),(15,78,4),(15,269,4),(15,78,6),(15,78,28),(15,269,28),(15,78,30),(15,269,30),(15,78,31),(15,269,31),(16,91,2),(16,173,2),(16,91,19),(16,173,19),(16,91,20),(16,173,20),(16,91,22),(16,173,22),(16,91,23),(16,173,23),(17,110,4),(17,293,4),(17,74,10),(17,110,10),(17,110,28),(17,293,28),(17,110,30),(17,293,30),(18,186,3),(18,193,3),(18,186,4),(18,193,4),(18,186,29),(18,193,29),(19,97,13),(19,97,35),(19,97,38),(20,65,13),(20,217,13),(20,65,35),(20,217,35),(20,65,38),(20,217,38),(21,67,4),(21,269,4),(21,67,28),(21,269,28),(21,67,30),(21,269,30),(21,67,31),(21,269,31),(22,47,9),(22,111,9),(22,47,16),(22,111,16),(22,47,17),(22,111,17),(23,41,7),(23,157,7),(24,156,2),(24,164,2),(24,156,18),(24,164,18),(24,156,19),(24,164,19),(24,156,20),(24,164,20),(24,156,21),(24,164,21),(24,156,22),(24,164,22),(24,156,23),(24,164,23),(25,161,3),(25,255,3),(25,161,4),(25,255,4),(25,161,28),(25,255,28),(25,161,30),(25,255,30),(25,161,31),(25,255,31),(26,260,11),(26,274,11),(27,79,13),(27,201,13),(27,79,35),(27,79,36),(27,201,36),(27,79,38),(27,201,38),(28,162,2),(28,192,2),(28,107,7),(28,162,18),(28,192,18),(28,162,19),(28,192,19),(28,162,20),(28,192,20),(28,162,21),(28,192,21),(28,162,22),(28,192,22),(28,162,23),(28,192,23),(29,84,9),(29,157,9),(29,84,15),(29,157,15),(29,84,17),(29,157,17),(30,176,10),(30,190,10),(31,303,10),(32,70,13),(32,204,13),(32,70,33),(32,204,33),(32,70,34),(32,204,34),(32,70,35),(32,204,35),(33,36,4),(33,164,4),(33,36,6),(33,164,6),(33,36,28),(33,164,28),(33,36,30),(33,164,30),(33,36,31),(33,164,31),(34,100,9),(34,119,9),(34,100,16),(34,119,16),(34,100,17),(34,119,17),(35,245,11),(36,289,4),(36,289,6),(36,289,28),(36,289,30),(36,289,31),(37,158,2),(37,301,2),(37,158,18),(37,301,18),(37,158,21),(37,301,21),(38,58,9),(38,81,9),(38,58,16),(38,81,16),(38,58,17),(38,81,17),(39,128,10),(39,145,10),(40,47,9),(40,89,9),(40,139,9),(40,170,9),(40,139,14),(40,170,14),(40,89,15),(40,139,15),(40,47,16),(40,170,16),(40,47,17),(40,89,17),(41,216,5),(41,253,5),(41,42,7),(42,183,7),(42,120,13),(42,292,13),(42,120,33),(42,292,33),(42,292,34),(42,120,35),(42,292,35),(42,120,37),(42,292,37),(43,183,7),(43,289,7),(43,79,13),(43,219,13),(43,304,13),(43,304,32),(43,79,36),(43,304,36),(43,79,38),(43,219,38),(44,161,3),(44,166,3),(44,161,4),(44,166,4),(44,161,28),(44,166,28),(44,161,30),(44,166,30),(44,161,31),(44,166,31),(45,207,7),(45,243,7),(46,50,8),(46,53,8),(46,53,24),(46,50,26),(46,53,26),(48,126,2),(48,250,2),(48,126,18),(48,250,18),(48,126,19),(48,250,19),(48,126,20),(48,250,20),(48,126,21),(48,250,21),(48,126,22),(48,250,22),(48,126,23),(48,250,23),(49,87,1),(49,197,1),(49,87,9),(49,151,9),(49,87,14),(49,151,14),(49,87,16),(49,151,16),(51,103,2),(51,215,2),(51,103,19),(51,215,19),(51,103,20),(51,215,20),(51,103,22),(51,215,22),(51,103,23),(51,215,23),(52,1,4),(52,265,4),(52,1,28),(52,265,28),(53,214,8),(53,214,24),(53,214,26),(54,55,9),(54,56,9),(54,55,14),(54,56,14),(54,55,15),(54,56,15),(54,55,16),(54,56,16),(54,55,17),(54,56,17),(55,245,9),(55,245,14),(55,245,15),(55,245,16),(55,245,17),(57,187,10),(58,119,9),(58,119,16),(58,119,17),(59,240,9),(59,258,9),(59,240,14),(59,258,14),(59,240,15),(59,258,15),(59,240,16),(59,258,16),(59,240,17),(59,258,17),(60,126,10),(60,151,10),(61,171,13),(61,238,13),(61,171,33),(61,238,33),(61,171,35),(61,238,35),(61,171,37),(61,238,37),(62,168,8),(62,280,8),(62,168,27),(62,280,27),(63,203,13),(63,219,13),(63,203,35),(63,219,35),(63,203,38),(63,219,38),(64,106,13),(64,135,13),(64,106,33),(64,135,33),(64,106,35),(64,135,35),(64,106,37),(64,135,37),(65,97,13),(65,97,35),(65,97,38),(66,67,4),(66,85,4),(66,67,28),(66,85,28),(66,67,30),(66,85,30),(66,67,31),(66,85,31),(68,158,2),(68,256,2),(68,158,18),(68,256,18),(68,158,21),(68,256,21),(69,86,13),(69,106,13),(69,86,33),(69,106,33),(69,86,35),(69,106,35),(69,86,37),(69,106,37),(71,172,7),(71,297,7),(72,286,2),(72,73,4),(72,286,21),(72,286,22),(72,286,23),(72,73,28),(73,1,4),(73,182,10),(73,1,28),(74,99,4),(74,122,4),(74,138,4),(74,287,4),(74,293,4),(74,99,10),(74,99,28),(74,293,28),(74,122,29),(74,287,29),(74,99,30),(74,293,30),(74,99,31),(74,287,31),(75,210,8),(75,222,8),(75,210,10),(75,222,10),(75,210,25),(75,222,25),(76,181,2),(76,296,2),(76,181,18),(76,296,18),(76,181,19),(76,296,19),(76,181,20),(76,296,20),(76,181,21),(76,296,21),(76,181,22),(76,296,22),(76,181,23),(76,296,23),(77,93,9),(77,124,9),(77,93,14),(77,124,14),(77,93,15),(77,124,15),(78,270,4),(78,270,6),(78,270,28),(78,270,30),(78,270,31),(80,205,4),(80,231,4),(80,205,29),(80,231,29),(80,205,31),(80,231,31),(82,163,1),(82,193,1),(83,193,3),(83,193,4),(83,193,6),(83,193,29),(84,148,1),(84,136,9),(84,136,15),(84,136,17),(85,129,4),(85,129,28),(85,129,30),(85,129,31),(86,152,13),(86,152,33),(86,152,35),(86,152,37),(87,279,1),(87,255,3),(87,285,3),(87,255,4),(87,285,4),(87,279,9),(87,279,14),(87,279,16),(87,255,28),(87,285,28),(87,255,30),(87,285,30),(87,255,31),(87,285,31),(88,256,2),(88,256,18),(88,256,21),(89,145,9),(89,170,9),(89,277,9),(89,145,11),(89,277,11),(89,170,14),(89,277,14),(89,145,15),(89,170,16),(89,277,16),(89,145,17),(90,104,3),(90,145,3),(90,104,6),(90,145,6),(90,104,8),(90,145,8),(90,104,24),(90,145,24),(90,104,25),(90,145,25),(90,104,26),(90,145,26),(90,104,27),(90,145,27),(91,109,2),(91,109,19),(91,109,20),(91,109,22),(91,109,23),(92,145,3),(92,145,6),(92,145,8),(92,145,24),(92,145,25),(92,145,26),(92,145,27),(93,165,9),(93,288,9),(93,288,14),(93,288,15),(94,254,7),(94,290,7),(94,282,8),(94,282,24),(94,282,25),(94,282,26),(94,282,27),(95,160,10),(95,123,11),(95,224,11),(96,195,4),(96,287,4),(96,195,29),(96,287,29),(96,195,31),(96,287,31),(98,173,2),(98,211,2),(98,173,19),(98,211,19),(98,173,20),(98,211,20),(98,173,22),(98,211,22),(98,173,23),(98,211,23),(99,122,3),(99,236,3),(99,236,4),(99,236,10),(99,236,28),(99,236,30),(99,236,31),(100,111,9),(100,111,16),(100,111,17),(101,110,6),(101,227,6),(102,259,9),(102,277,9),(102,259,14),(102,277,14),(102,259,16),(102,277,16),(103,109,2),(103,109,19),(103,109,20),(103,109,22),(103,109,23),(105,177,2),(105,196,2),(105,177,18),(105,196,18),(105,177,19),(105,196,19),(105,177,20),(105,196,20),(107,285,7),(107,133,10),(107,197,10),(107,192,11),(107,273,11),(108,141,4),(108,265,4),(108,141,30),(108,265,30),(110,209,4),(110,265,10),(110,209,28),(110,209,30),(112,181,2),(112,196,2),(112,181,18),(112,196,18),(112,181,19),(112,196,19),(112,181,20),(112,196,20),(113,246,1),(113,298,1),(114,140,1),(115,178,8),(115,184,8),(115,291,8),(115,178,24),(115,184,24),(115,178,25),(115,291,25),(115,178,26),(115,184,26),(115,178,27),(115,184,27),(116,117,10),(116,118,10),(116,132,10),(117,118,10),(117,308,10),(120,238,13),(120,238,33),(120,238,35),(120,238,37),(121,261,9),(121,261,14),(121,261,15),(122,186,3),(122,186,4),(122,186,29),(123,145,11),(125,134,8),(125,271,8),(125,134,10),(125,271,10),(125,134,25),(125,271,25),(126,259,2),(126,223,10),(126,259,18),(126,259,19),(126,259,20),(126,259,21),(126,259,22),(126,259,23),(127,186,2),(127,226,2),(127,186,18),(127,226,18),(127,186,19),(127,226,19),(127,186,20),(127,226,20),(127,186,21),(127,226,21),(127,186,22),(127,226,22),(127,186,23),(127,226,23),(129,268,4),(129,268,28),(129,268,30),(129,268,31),(130,131,10),(130,132,10),(131,190,10),(133,146,10),(134,220,8),(134,220,10),(134,220,25),(135,171,13),(135,171,33),(135,171,35),(135,171,37),(136,191,9),(136,279,9),(136,191,14),(136,279,14),(136,191,15),(136,191,16),(136,279,16),(136,191,17),(137,206,1),(137,298,1),(139,264,9),(139,264,14),(139,264,15),(140,237,1),(141,213,4),(141,213,30),(142,290,7),(142,297,7),(143,159,1),(143,206,1),(144,207,7),(144,282,7),(145,223,10),(146,236,10),(147,150,6),(147,283,6),(148,279,1),(149,162,2),(149,208,2),(149,162,18),(149,208,18),(149,162,19),(149,208,19),(149,162,20),(149,208,20),(149,162,21),(149,208,21),(149,162,22),(149,208,22),(149,162,23),(149,208,23),(150,227,6),(151,259,9),(151,197,10),(151,259,14),(151,259,16),(153,154,2),(153,247,2),(153,154,18),(153,247,18),(153,154,19),(153,247,19),(153,154,20),(153,247,20),(153,154,21),(153,247,21),(153,154,22),(153,247,22),(153,154,23),(153,247,23),(154,230,2),(154,275,2),(154,230,18),(154,230,19),(154,275,20),(154,230,21),(154,230,22),(154,275,23),(155,225,13),(155,284,13),(155,225,35),(155,284,35),(155,225,36),(155,284,36),(155,225,37),(155,284,37),(155,225,38),(155,284,38),(156,167,3),(156,167,6),(156,167,8),(156,167,24),(156,167,25),(156,167,26),(156,167,27),(157,233,7),(159,278,1),(160,266,10),(164,247,2),(164,244,4),(164,244,6),(164,247,18),(164,247,19),(164,247,20),(164,247,21),(164,247,22),(164,247,23),(164,244,28),(164,244,30),(164,244,31),(166,263,3),(166,263,4),(166,263,28),(166,263,30),(166,263,31),(167,188,9),(167,188,15),(167,188,17),(168,179,8),(168,214,8),(168,179,24),(168,214,24),(168,179,26),(168,214,26),(168,179,27),(169,240,9),(169,240,14),(169,240,15),(169,240,16),(169,240,17),(172,282,7),(174,253,5),(175,253,5),(176,234,10),(177,239,2),(177,239,18),(177,239,19),(177,239,20),(178,202,8),(178,202,24),(178,202,25),(178,202,26),(178,202,27),(179,180,8),(179,180,24),(179,180,26),(179,180,27),(180,199,8),(180,199,24),(180,199,26),(180,199,27),(181,286,2),(181,286,21),(181,286,22),(181,286,23),(182,194,10),(184,199,8),(184,199,24),(184,199,26),(184,199,27),(185,237,1),(185,281,1),(186,208,2),(186,208,18),(186,208,19),(186,208,20),(186,208,21),(186,208,22),(186,208,23),(187,232,10),(191,245,9),(191,245,14),(191,245,15),(191,245,16),(191,245,17),(192,197,1),(192,212,1),(192,259,2),(192,277,11),(192,259,18),(192,259,19),(192,259,20),(192,259,21),(192,259,22),(192,259,23),(193,278,1),(193,218,6),(195,205,4),(195,205,29),(195,205,31),(198,272,11),(198,273,11),(200,270,4),(200,289,4),(200,270,6),(200,289,6),(200,270,28),(200,289,28),(200,270,30),(200,289,30),(200,270,31),(200,289,31),(201,284,13),(201,292,13),(201,292,33),(201,292,34),(201,292,35),(201,284,36),(201,284,38),(202,282,8),(202,282,24),(202,282,25),(202,282,26),(202,282,27),(203,217,13),(203,217,35),(203,217,38),(204,247,13),(204,247,33),(204,247,34),(204,247,35),(209,242,4),(209,242,28),(209,242,30),(210,291,8),(210,235,10),(210,291,25),(211,275,2),(211,275,19),(211,275,20),(211,275,22),(211,275,23),(215,301,2),(215,301,19),(215,301,20),(215,301,22),(215,301,23),(216,276,5),(218,283,6),(220,222,8),(220,222,10),(220,222,25),(221,239,2),(221,294,2),(221,239,18),(221,294,18),(221,239,19),(221,294,19),(221,239,20),(221,294,20),(224,260,11),(225,276,5),(225,295,5),(225,262,13),(225,262,38),(226,296,2),(226,296,18),(226,296,19),(226,296,20),(226,296,21),(226,296,22),(226,296,23),(228,295,5),(229,236,3),(229,273,3),(229,236,4),(229,273,4),(229,236,28),(229,273,28),(229,236,30),(229,273,30),(229,236,31),(229,273,31),(230,241,2),(230,241,18),(230,241,19),(230,241,20),(230,241,21),(230,241,22),(230,241,23),(231,300,4),(231,300,29),(231,300,31),(233,279,7),(235,251,10),(241,301,2),(241,301,18),(241,301,19),(241,301,20),(241,301,21),(241,301,22),(241,301,23),(242,265,4),(242,265,28),(242,265,30),(244,295,4),(244,295,6),(244,295,28),(244,295,30),(244,295,31),(245,272,11),(246,281,1),(247,289,7),(248,273,3),(248,285,3),(248,273,4),(248,285,4),(248,273,28),(248,285,28),(248,273,30),(248,285,30),(248,273,31),(248,285,31),(249,254,7),(251,252,10),(257,258,9),(257,258,14),(257,258,15),(257,258,16),(257,258,17),(261,302,9),(261,302,14),(261,302,15),(266,303,10),(267,268,4),(267,268,28),(267,268,30),(267,268,31),(279,285,7),(284,292,13),(284,292,35),(284,292,37),(288,302,9),(288,302,14),(288,302,15),(289,43,32),(289,247,32),(299,300,4),(299,300,29),(299,300,31),(304,305,13),(304,305,32),(304,305,35),(304,305,36),(305,306,13),(305,306,32),(305,306,35),(305,306,36),(306,307,13),(306,307,32),(306,307,35),(306,307,36);
/*!40000 ALTER TABLE `links` ENABLE KEYS */;
UNLOCK TABLES;

--
-- Table structure for table `routes`
--

DROP TABLE IF EXISTS `routes`;
/*!40101 SET @saved_cs_client     = @@character_set_client */;
/*!40101 SET character_set_client = utf8 */;
CREATE TABLE `routes` (
  `line` smallint(6) NOT NULL DEFAULT '0',
  `name` varchar(64) NOT NULL DEFAULT '',
  `colour` varchar(6) NOT NULL DEFAULT '',
  `stripe` varchar(6) DEFAULT NULL,
  `origin` smallint(6) DEFAULT NULL,
  PRIMARY KEY (`line`),
  UNIQUE KEY `line` (`line`),
  KEY `origin` (`origin`),
  CONSTRAINT `routes_ibfk_1` FOREIGN KEY (`origin`) REFERENCES `stations` (`id`)
) ENGINE=InnoDB DEFAULT CHARSET=utf8;
/*!40101 SET character_set_client = @saved_cs_client */;

--
-- Dumping data for table `routes`
--

LOCK TABLES `routes` WRITE;
/*!40000 ALTER TABLE `routes` DISABLE KEYS */;
INSERT INTO `routes` VALUES (1,'Bakerloo Line','ab6612',NULL,114),(2,'Central Line','df002c',NULL,NULL),(3,'Circle Line','f7dc00',NULL,83),(4,'District Line','0d6928',NULL,NULL),(5,'East London Line','f3ba22',NULL,228),(6,'Hammersmith & City Line','f5a6b3',NULL,110),(7,'Jubilee Line','767b7f',NULL,243),(8,'Metropolitan Line','8b004c',NULL,NULL),(9,'Northern Line','000000',NULL,NULL),(10,'Piccadilly Line','002d73',NULL,57),(11,'Victoria Line','0076bd',NULL,274),(12,'Waterloo & City Line','89cbc1',NULL,13),(13,'Docklands Light Railway','00A77E','FFFFFF',NULL),(14,'Northern-Barnet-viaWaterloo','000000','NULL',121),(15,'Northern-Barnet-viaBank','000000','NULL',121),(16,'Northern-Edgware-viaWaterloo','000000','NULL',81),(17,'Northern-Edgware-viaBank','000000','NULL',81),(18,'Central-Ruislip-Epping','df002c','NULL',294),(19,'Central-Ruislip-loop1n','df002c','NULL',294),(20,'Central-Ruislip-loop2r','df002c','NULL',294),(21,'Central-Ealing-Epping','df002c','NULL',72),(22,'Central-Ealing-loop1n','df002c','NULL',72),(23,'Central-Ealing-loop2r','df002c','NULL',72),(24,'Metropolitan-Amersham','8b004c','NULL',6),(25,'Metropolitan-Uxbridge','8b004c','NULL',271),(26,'Metropolitan-Chesham','8b004c','NULL',50),(27,'Metropolitan-Watford','8b004c','NULL',280),(28,'District-Ealing','0d6928','NULL',267),(29,'District-EdgwareRd-wimb','0d6928','NULL',299),(30,'District-Richmond','0d6928','NULL',267),(31,'District-Wimbledon','0d6928','NULL',267),(32,'DLR Stratford-Woolwich','00C99F','NULL',247),(33,'DLR Stratford-Lewisham','00A77E','NULL',247),(34,'DLR Stratford-CanaryWharf*','00A77E','NULL',NULL),(35,'DLR Stratford-Beckton*','00A77E','NULL',NULL),(36,'DLR Bank-Woolwich','00C99F','NULL',13),(37,'DLR Bank-Lewisham','00A77E','NULL',13),(38,'DLR Tower-Beckton','00855C','NULL',262);
/*!40000 ALTER TABLE `routes` ENABLE KEYS */;
UNLOCK TABLES;

--
-- Table structure for table `stations`
--

DROP TABLE IF EXISTS `stations`;
/*!40101 SET @saved_cs_client     = @@character_set_client */;
/*!40101 SET character_set_client = utf8 */;
CREATE TABLE `stations` (
  `id` smallint(6) NOT NULL DEFAULT '0',
  `latitude` float NOT NULL DEFAULT '0',
  `longitude` float NOT NULL DEFAULT '0',
  `name` varchar(64) NOT NULL DEFAULT '',
  `display_name` varchar(64) DEFAULT NULL,
  `zone` float DEFAULT NULL,
  `total_lines` smallint(6) NOT NULL DEFAULT '0',
  `rail` smallint(6) NOT NULL DEFAULT '0',
  PRIMARY KEY (`id`),
  UNIQUE KEY `id` (`id`)
) ENGINE=InnoDB DEFAULT CHARSET=utf8;
/*!40101 SET character_set_client = @saved_cs_client */;

--
-- Dumping data for table `stations`
--

LOCK TABLES `stations` WRITE;
/*!40000 ALTER TABLE `stations` DISABLE KEYS */;
INSERT INTO `stations` VALUES (1,51.5028,-0.2801,'Acton Town','Acton<br />Town',3,2,0),(2,51.5143,-0.0755,'Aldgate',NULL,1,2,0),(3,51.5154,-0.0726,'Aldgate East','Aldgate<br />East',1,2,0),(4,51.5107,-0.013,'All Saints','All<br />Saints',2,1,0),(5,51.5407,-0.2997,'Alperton',NULL,4,1,0),(6,51.6736,-0.607,'Amersham',NULL,10,1,1),(7,51.5322,-0.1058,'Angel',NULL,1,1,0),(8,51.5653,-0.1353,'Archway',NULL,2.5,1,0),(9,51.6164,-0.1331,'Arnos Grove','Arnos<br />Grove',4,1,0),(10,51.5586,-0.1059,'Arsenal',NULL,2,1,0),(11,51.5226,-0.1571,'Baker Street','Baker<br />Street',1,5,0),(12,51.4431,-0.1525,'Balham',NULL,3,1,1),(13,51.5133,-0.0886,'Bank',NULL,1,4,0),(14,51.5204,-0.0979,'Barbican',NULL,1,3,0),(15,51.5396,0.081,'Barking',NULL,4,2,1),(16,51.5856,0.0887,'Barkingside',NULL,5,1,0),(17,51.4905,-0.2139,'Barons Court','Barons<br />Court',2,2,0),(18,51.5121,-0.1879,'Bayswater',NULL,1,2,0),(19,51.5148,0.0613,'Beckton',NULL,3,1,0),(20,51.5087,0.055,'Beckton Park','Beckton<br />Park',3,1,0),(21,51.5403,0.127,'Becontree',NULL,5,1,0),(22,51.5504,-0.1642,'Belsize Park','Belsize<br />Park',2,1,0),(23,51.4979,-0.0637,'Bermondsey',NULL,2,1,0),(24,51.527,-0.0549,'Bethnal Green','Bethnal<br />Green',2,1,0),(25,51.512,-0.1031,'Blackfriars',NULL,1,2,0),(26,51.5867,-0.0417,'Blackhorse Road','Blackhorse<br />Road',3,1,1),(27,51.5079,-0.0066,'Blackwall',NULL,2,1,0),(28,51.5142,-0.1494,'Bond Street','Bond<br />Street',1,2,0),(29,51.5011,-0.0943,'Borough',NULL,1,1,0),(30,51.4956,-0.325,'Boston Manor','Boston<br />Manor',4,1,0),(31,51.6071,-0.1243,'Bounds Green','Bounds<br />Green',3.5,1,0),(32,51.5273,-0.0208,'Bow Church','Bow<br />Church',2,1,0),(33,51.5269,-0.0247,'Bow Road','Bow<br />Road',2,2,0),(34,51.5766,-0.2136,'Brent Cross','Brent<br />Cross',3,1,0),(35,51.4627,-0.1145,'Brixton',NULL,2,1,1),(36,51.5248,-0.0119,'Bromley-By-Bow',NULL,2.5,2,0),(37,51.6266,0.0471,'Buckhurst Hill','Buckhurst<br />Hill',5,1,0),(38,51.6028,-0.2641,'Burnt Oak','Burnt<br />Oak',4,1,0),(39,51.5481,-0.1188,'Caledonian Road','Caledonian<br />Road',2,1,0),(40,51.5392,-0.1426,'Camden Town','Camden<br />Town',2,1,0),(41,51.4982,-0.0502,'Canada Water','Canada<br />Water',2,2,0),(42,51.5051,-0.0209,'Canary Wharf','Canary<br />Wharf',2,2,0),(43,51.5147,0.0082,'Canning Town','Canning<br />Town',2.5,2,1),(44,51.5113,-0.0904,'Cannon Street','Cannon<br />Street',1,2,0),(45,51.6078,-0.2947,'Canons Park','Canons<br />Park',5,1,0),(46,51.6679,-0.561,'Chalfont & Latimer','Chalfont &<br />Latimer',9,1,1),(47,51.5441,-0.1538,'Chalk Farm','Chalk<br />Farm',2,1,0),(48,51.5185,-0.1111,'Chancery Lane','Chancery<br />Lane',1,1,0),(49,51.508,-0.1247,'Charing Cross','Charing<br />Cross',1,2,1),(50,51.7052,-0.611,'Chesham',NULL,10,1,0),(51,51.6177,0.0755,'Chigwell',NULL,5,1,0),(52,51.4946,-0.2678,'Chiswick Park','Chiswick<br />Park',3,1,0),(53,51.6543,-0.5183,'Chorleywood',NULL,8,1,0),(54,51.4618,-0.1384,'Clapham Common','Clapham<br />Common',2,1,0),(55,51.4649,-0.1299,'Clapham North','Clapham<br />North',2,1,0),(56,51.4527,-0.148,'Clapham South','Clapham<br />South',2.5,1,0),(57,51.6517,-0.1496,'Cockfosters',NULL,5,1,0),(58,51.5955,-0.2502,'Colindale',NULL,4,1,0),(59,51.418,-0.1778,'Colliers Wood','Colliers<br />Wood',3,1,0),(60,51.5129,-0.1243,'Covent Garden','Covent<br />Garden',1,1,0),(61,51.4957,-0.0144,'Crossharbour & London Arena','Crossharbour &<br />London Arena',2,1,0),(62,51.647,-0.4412,'Croxley',NULL,7,1,0),(63,51.5095,0.0276,'Custom House','Custom<br />House',3,1,0),(64,51.4827,-0.0096,'Cutty Sark','Cutty<br />Sark',2.5,1,0),(65,51.5085,0.064,'Cyprus',NULL,3,1,0),(66,51.5443,0.1655,'Dagenham East','Dagenham<br />East',5,1,0),(67,51.5417,0.1469,'Dagenham Heathway','Dagenham<br />Heathway',5,1,0),(68,51.6455,0.0838,'Debden',NULL,6,1,0),(69,51.474,-0.0216,'Deptford Bridge','Deptford<br />Bridge',2.5,1,0),(70,51.5223,-0.0173,'Devons Road','Devons<br />Road',2,1,0),(71,51.552,-0.2387,'Dollis Hill','Dollis<br />Hill',3,1,0),(72,51.5152,-0.3017,'Ealing Broadway','Ealing<br />Broadway',3,2,1),(73,51.5101,-0.2882,'Ealing Common','Ealing<br />Common',3,2,0),(74,51.492,-0.1973,'Earl\'s Court','Earl\'s<br />Court',1.5,2,0),(75,51.5765,-0.397,'Eastcote',NULL,5,2,0),(76,51.5168,-0.2474,'East Acton','East<br />Acton',2,1,0),(77,51.5874,-0.165,'East Finchley','East<br />Finchley',3,1,0),(78,51.5394,0.0518,'East Ham','East<br />Ham',3.5,2,0),(79,51.5093,-0.0021,'East India','East<br />India',2.5,1,0),(80,51.4586,-0.2112,'East Putney','East<br />Putney',2.5,1,0),(81,51.6137,-0.275,'Edgware',NULL,5,1,0),(82,51.5199,-0.1679,'Edgware Road (B)','Edgware<br />Road',1,1,0),(83,51.5203,-0.17,'Edgware Road (C)','Edgware<br />Road',1,3,0),(84,51.4943,-0.1001,'Elephant & Castle','Elephant &<br />Castle',1.5,2,1),(85,51.5496,0.1977,'Elm Park','Elm<br />Park',6,1,0),(86,51.4693,-0.0174,'Elverson Road','Elverson<br />Road',2.5,1,0),(87,51.5074,-0.1223,'Embankment',NULL,1,4,0),(88,51.6937,0.1139,'Epping',NULL,6,1,0),(89,51.5282,-0.1337,'Euston',NULL,1,2,1),(90,51.526,-0.1359,'Euston Square','Euston<br />Square',1,3,0),(91,51.596,0.0912,'Fairlop',NULL,5,1,0),(92,51.5203,-0.1053,'Farringdon',NULL,1,3,1),(93,51.6012,-0.1932,'Finchley Central','Finchley<br />Central',4,1,0),(94,51.5472,-0.1803,'Finchley Road','Finchley<br />Road',2,2,0),(95,51.5642,-0.1065,'Finsbury Park','Finsbury<br />Park',2,1,1),(96,51.4804,-0.195,'Fulham Broadway','Fulham<br />Broadway',2,1,0),(97,51.5096,0.0716,'Gallions Reach','Gallions<br />Reach',3,1,0),(98,51.5765,0.0663,'Gants Hill','Gants<br />Hill',4,1,0),(99,51.4945,-0.1829,'Gloucester Road','Gloucester<br />Road',1,3,0),(100,51.5724,-0.1941,'Golders Green','Golders<br />Green',3,1,0),(101,51.5018,-0.2267,'Goldhawk Road','Goldhawk<br />Road',2,1,0),(102,51.5205,-0.1347,'Goodge Street','Goodge<br />Street',1,1,0),(103,51.6132,0.0923,'Grange Hill','Grange<br />Hill',5,1,0),(104,51.5238,-0.1439,'Great Portland Street','Great<br />Portland<br />Street',1,3,0),(105,51.5423,-0.3456,'Greenford',NULL,4,1,1),(106,51.4781,-0.0149,'Greenwich',NULL,2.5,1,1),(107,51.5067,-0.1428,'Green Park','Green<br />Park',1,3,0),(108,51.4915,-0.2754,'Gunnersbury',NULL,3,1,0),(109,51.603,0.0933,'Hainault',NULL,5,1,0),(110,51.4936,-0.2251,'Hammersmith',NULL,2,3,0),(111,51.5568,-0.178,'Hampstead',NULL,2.5,1,0),(112,51.5302,-0.2933,'Hanger Lane','Hanger<br />Lane',3,1,0),(113,51.5362,-0.2575,'Harlesden',NULL,3,1,0),(114,51.5925,-0.3351,'Harrow & Wealdstone','Harrow &<br />Wealdstone',5,1,1),(115,51.5793,-0.3366,'Harrow-on-the-Hill','Harrow-<br />on-the-Hill',5,1,1),(116,51.4669,-0.4227,'Hatton Cross','Hatton<br />Cross',5.5,1,0),(117,51.4713,-0.4524,'Heathrow Terminals 1, 2 & 3','Heathrow<br />Terminals<br />1, 2 & 3',6,1,0),(118,51.4598,-0.4476,'Heathrow Terminal 4','Heathrow<br />Terminal 4',6,1,0),(119,51.5829,-0.2259,'Hendon Central','Hendon<br />Central',3.5,1,0),(120,51.5033,-0.0215,'Heron Quays','Heron<br />Quays',2,1,0),(121,51.6503,-0.1943,'High Barnet','High<br />Barnet',5,1,0),(122,51.5009,-0.1925,'High Street Kensington','High<br />Street<br />Kensington',1,2,0),(123,51.546,-0.104,'Highbury & Islington','Highbury &<br />Islington',2,1,1),(124,51.5777,-0.1458,'Highgate',NULL,3,1,0),(125,51.5538,-0.4499,'Hillingdon',NULL,6,2,0),(126,51.5174,-0.12,'Holborn',NULL,1,2,0),(127,51.5075,-0.206,'Holland Park','Holland<br />Park',2,1,0),(128,51.5526,-0.1132,'Holloway Road','Holloway<br />Road',2,1,0),(129,51.5539,0.2184,'Hornchurch',NULL,6,1,0),(130,51.4713,-0.3665,'Hounslow Central','Hounslow<br />Central',4,1,0),(131,51.4733,-0.3564,'Hounslow East','Hounslow<br />East',4,1,0),(132,51.4734,-0.3855,'Hounslow West','Hounslow<br />West',5,1,0),(133,51.5027,-0.1527,'Hyde Park Corner','Hyde<br />Park<br />Corner',1,1,0),(134,51.5619,-0.4421,'Ickenham',NULL,6,2,0),(135,51.4871,-0.0101,'Island Gardens','Island<br />Gardens',2,1,0),(136,51.4884,-0.1053,'Kennington',NULL,2,1,0),(137,51.5304,-0.225,'Kensal Green','Kensal<br />Green',2,1,0),(138,51.4983,-0.2106,'Kensington (Olympia)','Kensington<br />(Olympia)',2,1,1),(139,51.5507,-0.1402,'Kentish Town','Kentish<br />Town',2,1,1),(140,51.5816,-0.3162,'Kenton',NULL,4,1,0),(141,51.477,-0.285,'Kew Gardens','Kew<br />Gardens',3.5,1,0),(142,51.5471,-0.2047,'Kilburn',NULL,2,1,0),(143,51.5351,-0.1939,'Kilburn Park','Kilburn<br />Park',2,1,0),(144,51.5846,-0.2786,'Kingsbury',NULL,4,1,0),(145,51.5308,-0.1238,'King\'s Cross St. Pancras','King\'s Cross<br />St. Pancras',1,6,1),(146,51.5015,-0.1607,'Knightsbridge',NULL,1,1,0),(147,51.5172,-0.2107,'Ladbroke Grove','Ladbroke<br />Grove',2,1,0),(148,51.4991,-0.1115,'Lambeth North','Lambeth<br />North',1,1,0),(149,51.5119,-0.1756,'Lancaster Gate','Lancaster<br />Gate',1,1,0),(150,51.5139,-0.2172,'Latimer Road','Latimer<br />Road',2,1,0),(151,51.5113,-0.1281,'Leicester Square','Leicester<br />Square',1,2,0),(152,51.4657,-0.0142,'Lewisham',NULL,2.5,1,1),(153,51.5566,-0.0053,'Leyton',NULL,3,1,0),(154,51.5683,0.0083,'Leytonstone',NULL,3.5,1,0),(155,51.5123,-0.0396,'Limehouse',NULL,2,1,1),(156,51.5178,-0.0823,'Liverpool Street','Liverpool<br />Street',1,4,1),(157,51.5052,-0.0864,'London Bridge','London<br />Bridge',1,2,1),(158,51.6412,0.0558,'Loughton',NULL,6,1,0),(159,51.53,-0.1854,'Maida Vale','Maida<br />Vale',2,1,0),(160,51.5712,-0.0958,'Manor House','Manor<br />House',2.5,1,0),(161,51.5122,-0.094,'Mansion House','Mansion<br />House',1,2,0),(162,51.5136,-0.1586,'Marble Arch','Marble<br />Arch',1,1,0),(163,51.5225,-0.1631,'Marylebone',NULL,1,1,1),(164,51.5249,-0.0332,'Mile End','Mile<br />End',2,3,0),(165,51.6082,-0.2103,'Mill Hill East','Mill<br />Hill<br />East',4,1,0),(166,51.5108,-0.0863,'Monument',NULL,1,2,0),(167,51.5186,-0.0886,'Moorgate',NULL,1,4,1),(168,51.6294,-0.432,'Moor Park','Moor<br />Park',6.5,1,0),(169,51.4022,-0.1948,'Morden',NULL,4,1,0),(170,51.5342,-0.1387,'Mornington Crescent','Mornington<br />Crescent',2,1,0),(171,51.4902,-0.0145,'Mudchute',NULL,2,1,0),(172,51.5542,-0.2503,'Neasden',NULL,3,1,0),(173,51.5756,0.0899,'Newbury Park','Newbury<br />Park',4,1,0),(174,51.4767,-0.0327,'New Cross','New<br />Cross',2,1,1),(175,51.4757,-0.0402,'New Cross Gate','New<br />Cross<br />Gate',2,1,1),(176,51.4995,-0.3142,'Northfields',NULL,3,1,0),(177,51.5483,-0.3687,'Northolt',NULL,5,1,0),(178,51.5784,-0.3184,'Northwick Park','Northwick<br />Park',4,1,0),(179,51.6111,-0.424,'Northwood',NULL,6,1,0),(180,51.6004,-0.4092,'Northwood Hills','Northwood<br />Hills',6,1,0),(181,51.5237,-0.2597,'North Acton','North<br />Acton',2.5,1,0),(182,51.5175,-0.2887,'North Ealing','North<br />Ealing',3,1,0),(183,51.5005,0.0039,'North Greenwich','North<br />Greenwich',2.5,1,0),(184,51.5846,-0.3626,'North Harrow','North<br />Harrow',5,1,0),(185,51.5621,-0.3034,'North Wembley','North<br />Wembley',4,1,0),(186,51.5094,-0.1967,'Notting Hill Gate','Notting<br />Hill Gate',1.5,3,0),(187,51.6476,-0.1318,'Oakwood',NULL,5,1,0),(188,51.5263,-0.0873,'Old Street','Old<br />Street',1,1,1),(190,51.4813,-0.3522,'Osterley',NULL,4,1,0),(191,51.4819,-0.113,'Oval',NULL,2,1,0),(192,51.515,-0.1415,'Oxford Circus','Oxford<br />Circus',1,3,0),(193,51.5154,-0.1755,'Paddington',NULL,1,4,1),(194,51.527,-0.2841,'Park Royal','Park<br />Royal',3,1,0),(195,51.4753,-0.2011,'Parsons Green','Parsons<br />Green',2,1,0),(196,51.5366,-0.3232,'Perivale',NULL,4,1,0),(197,51.5098,-0.1342,'Piccadilly Circus','Piccadilly<br />Circus',1,2,0),(198,51.4893,-0.1334,'Pimlico',NULL,1,1,0),(199,51.5926,-0.3805,'Pinner',NULL,5,1,0),(200,51.5313,0.0172,'Plaistow',NULL,3,2,0),(201,51.5077,-0.0173,'Poplar',NULL,2,1,0),(202,51.572,-0.2954,'Preston Road','Preston<br />Road',4,1,0),(203,51.5093,0.0336,'Prince Regent','Prince<br />Regent',3,1,0),(204,51.5343,-0.0139,'Pudding Mill Lane','Pudding<br />Mill Lane',2.5,1,0),(205,51.4682,-0.2089,'Putney Bridge','Putney<br />Bridge',2,1,0),(206,51.5341,-0.2047,'Queen\'s Park','Queens<br />Park',2,1,1),(207,51.5942,-0.2861,'Queensbury',NULL,4,1,0),(208,51.5107,-0.1877,'Queensway',NULL,1,1,0),(209,51.4942,-0.2359,'Ravenscourt Park','Ravenscourt<br />Park',2,1,0),(210,51.5753,-0.3714,'Rayners Lane','Rayners<br />Lane',5,2,0),(211,51.5763,0.0454,'Redbridge',NULL,4,1,0),(212,51.5234,-0.1466,'Regent\'s Park','Regent\'s<br />Park',1,1,0),(213,51.4633,-0.3013,'Richmond',NULL,4,1,1),(214,51.6404,-0.4733,'Rickmansworth',NULL,7,1,0),(215,51.6171,0.0439,'Roding Valley','Roding<br />Valley',5,1,0),(216,51.501,-0.0525,'Rotherhithe',NULL,2,1,0),(217,51.5084,0.0465,'Royal Albert','Royal<br />Albert',3,1,0),(218,51.519,-0.188,'Royal Oak','Royal<br />Oak',2,1,0),(219,51.5091,0.0181,'Royal Victoria','Royal<br />Victoria',3,1,0),(220,51.5715,-0.4213,'Ruislip',NULL,6,2,0),(221,51.5606,-0.4103,'Ruislip Gardens','Ruislip<br />Gardens',5,1,0),(222,51.5732,-0.4125,'Ruislip Manor','Ruislip<br />Manor',6,2,0),(223,51.523,-0.1244,'Russell Square','Russell<br />Square',1,1,0),(224,51.5822,-0.0749,'Seven Sisters','Seven<br />Sisters',3,1,1),(225,51.5117,-0.056,'Shadwell',NULL,2,2,0),(226,51.5046,-0.2187,'Shepherd\'s Bush (C)','Shepherd\'s<br />Bush',2,1,0),(227,51.5058,-0.2265,'Shepherd\'s Bush (H)','Shepherd\'s<br />Bush',2,1,0),(228,51.5227,-0.0708,'Shoreditch',NULL,2,1,0),(229,51.4924,-0.1565,'Sloane Square','Sloane<br />Square',1,2,0),(230,51.5808,0.0216,'Snaresbrook',NULL,4,1,0),(231,51.4454,-0.2066,'Southfields',NULL,3,1,0),(232,51.6322,-0.128,'Southgate',NULL,4,1,0),(233,51.504,-0.1052,'Southwark',NULL,1,1,0),(234,51.5011,-0.3072,'South Ealing','South<br />Ealing',3,1,0),(235,51.5646,-0.3521,'South Harrow','South<br />Harrow',5,1,0),(236,51.4941,-0.1738,'South Kensington','South<br />Kensington',1,3,0),(237,51.5701,-0.3081,'South Kenton','South<br />Kenton',4,1,0),(238,51.5007,-0.0191,'South Quay','South<br />Quay',2,1,0),(239,51.5569,-0.3988,'South Ruislip','South<br />Ruislip',5,1,1),(240,51.4154,-0.1919,'South Wimbledon','South<br />Wimbledon',3.5,1,0),(241,51.5917,0.0275,'South Woodford','South<br />Woodford',4,1,0),(242,51.495,-0.2459,'Stamford Brook','Stamford<br />Brook',2,1,0),(243,51.6194,-0.3028,'Stanmore',NULL,5,1,0),(244,51.5221,-0.047,'Stepney Green','Stepney<br />Green',2,2,0),(245,51.4723,-0.123,'Stockwell',NULL,2,2,0),(246,51.5439,-0.2759,'Stonebridge Park','Stonebridge<br />Park',3,1,0),(247,51.5416,-0.0042,'Stratford',NULL,3,3,1),(248,51.4994,-0.1335,'St. James\'s Park','St. James\'s<br />Park',1,2,0),(249,51.5347,-0.174,'St. John\'s Wood','St. John\'s<br />Wood',2,1,0),(250,51.5146,-0.0973,'St. Paul\'s','St. Paul\'s',1,1,0),(251,51.5569,-0.3366,'Sudbury Hill','Sudbury<br />Hill',4,1,0),(252,51.5507,-0.3156,'Sudbury Town','Sudbury<br />Town',4,1,0),(253,51.4933,-0.0478,'Surrey Quays','Surrey<br />Quays',2,1,0),(254,51.5432,-0.1738,'Swiss Cottage','Swiss<br />Cottage',2,2,0),(255,51.5111,-0.1141,'Temple',NULL,1,2,0),(256,51.6717,0.1033,'Theydon Bois','Theydon<br />Bois',6,1,0),(257,51.4361,-0.1598,'Tooting Bec','Tooting<br />Bec',3,1,0),(258,51.4275,-0.168,'Tooting Broadway','Tooting<br />Broadway',3,1,0),(259,51.5165,-0.131,'Tottenham Court Road','Tottenham<br />Court<br />Road',1,2,0),(260,51.5882,-0.0594,'Tottenham Hale','Tottenham<br />Hale',3,1,1),(261,51.6302,-0.1791,'Totteridge & Whetstone','Totteridge<br />& Whetstone',4,1,0),(262,51.5106,-0.0743,'Tower Gateway','Tower<br />Gateway',1,1,0),(263,51.5098,-0.0766,'Tower Hill','Tower<br />Hill',1,2,0),(264,51.5567,-0.1374,'Tufnell Park','Tufnell<br />Park',2,1,0),(265,51.4951,-0.2547,'Turnham Green','Turnham<br />Green',2.5,2,0),(266,51.5904,-0.1028,'Turnpike Lane','Turnpike<br />Lane',3,1,0),(267,51.559,0.251,'Upminster',NULL,6,1,1),(268,51.5582,0.2343,'Upminster Bridge','Upminster<br />Bridge',6,1,0),(269,51.5385,0.1014,'Upney',NULL,4,1,0),(270,51.5352,0.0343,'Upton Park','Upton<br />Park',3,2,0),(271,51.5463,-0.4786,'Uxbridge',NULL,6,2,0),(272,51.4861,-0.1253,'Vauxhall',NULL,1.5,1,1),(273,51.4965,-0.1447,'Victoria',NULL,1,3,1),(274,51.583,-0.0195,'Walthamstow Central','Walthamstow<br />Central',3,1,1),(275,51.5775,0.0288,'Wanstead',NULL,4,1,0),(276,51.5043,-0.0558,'Wapping',NULL,2,1,0),(277,51.5247,-0.1384,'Warren Street','Warren<br />Street',1,2,0),(278,51.5235,-0.1835,'Warwick Avenue','Warwick<br />Avenue',2,1,0),(279,51.5036,-0.1143,'Waterloo',NULL,1,4,1),(280,51.6573,-0.4177,'Watford',NULL,8,1,0),(281,51.5519,-0.2963,'Wembley Central','Wembley<br />Central',4,1,1),(282,51.5635,-0.2795,'Wembley Park','Wembley<br />Park',4,2,0),(283,51.521,-0.2011,'Westbourne Park','Westbourne<br />Park',2,1,0),(284,51.5097,-0.0265,'Westferry',NULL,2,1,0),(285,51.501,-0.1254,'Westminster',NULL,1,3,0),(286,51.518,-0.2809,'West Acton','West<br />Acton',3,1,0),(287,51.4872,-0.1953,'West Brompton','West<br />Brompton',2,1,1),(288,51.6095,-0.1883,'West Finchley','West<br />Finchley',4,1,0),(289,51.5287,0.0056,'West Ham','West<br />Ham',2.5,3,1),(290,51.5469,-0.1906,'West Hampstead','West<br />Hampstead',2,1,1),(291,51.5795,-0.3533,'West Harrow','West<br />Harrow',5,1,0),(292,51.507,-0.0203,'West India Quay','West<br />India<br />Quay',2,1,0),(293,51.4907,-0.2065,'West Kensington','West<br />Kensington',2,1,0),(294,51.5696,-0.4376,'West Ruislip','West<br />Ruislip',6,1,1),(295,51.5194,-0.0612,'Whitechapel',NULL,2,3,0),(296,51.512,-0.2239,'White City','White<br />City',2,1,0),(297,51.5492,-0.2215,'Willesden Green','Willesden<br />Green',2.5,1,0),(298,51.5326,-0.2478,'Willesden Junction','Willesden<br />Junction',3,1,1),(299,51.4214,-0.2064,'Wimbledon',NULL,3,1,1),(300,51.4343,-0.1992,'Wimbledon Park','Wimbledon<br />Park',3,1,0),(301,51.607,0.0341,'Woodford',NULL,4,1,0),(302,51.6179,-0.1856,'Woodside Park','Woodside<br />Park',4,1,0),(303,51.5975,-0.1097,'Wood Green','Wood<br />Green',3,1,0),(304,51.5027,0.0226,'West Silvertown','West<br />Silvertown',3,1,0),(305,51.5021,0.0319,'Pontoon Dock','Pontoon<br />Dock',3,1,0),(306,51.5037,0.0488,'London City Airport','London<br />City<br />Airport',3,1,0),(307,51.502,0.0627,'King George V','King<br />George V',3,1,0),(308,51.4701,-0.49108,'Heathrow Terminal 5','Heathrow<br /> Terminal 5',6,1,1);
/*!40000 ALTER TABLE `stations` ENABLE KEYS */;
UNLOCK TABLES;
/*!40103 SET TIME_ZONE=@OLD_TIME_ZONE */;

/*!40101 SET SQL_MODE=@OLD_SQL_MODE */;
/*!40014 SET FOREIGN_KEY_CHECKS=@OLD_FOREIGN_KEY_CHECKS */;
/*!40014 SET UNIQUE_CHECKS=@OLD_UNIQUE_CHECKS */;
/*!40101 SET CHARACTER_SET_CLIENT=@OLD_CHARACTER_SET_CLIENT */;
/*!40101 SET CHARACTER_SET_RESULTS=@OLD_CHARACTER_SET_RESULTS */;
/*!40101 SET COLLATION_CONNECTION=@OLD_COLLATION_CONNECTION */;
/*!40111 SET SQL_NOTES=@OLD_SQL_NOTES */;

-- Dump completed on 2017-08-29  2:12:36
